time,Female,Male
0,22.59954142197967,19.57692307692308
1,22.648351648351646,22.41758241758242
2,22.527472527472526,22.384615384615383
3,23.01327524459501,21.33516483516484
4,23.840659340659343,22.06043956043956
5,23.1978021978022,22.06043956043956
6,22.816191554720465,22.873626373626372
7,23.543956043956044,21.912087912087916
8,25.824175824175825,20.707920504491142
9,26.346153846153847,22.076923076923077
10,22.884615384615383,25.181102149311577
11,25.39311463164354,22.197802197802197
12,24.840659340659336,24.802197802197803
13,25.741758241758244,22.81868131868132
14,28.192307692307693,24.574995411430066
15,27.593406593406595,22.697802197802197
16,26.53296703296703,24.291208791208792
17,28.52747252747253,23.527472527472526
18,25.972527472527474,26.54448788301251
19,28.39010989010989,22.07142857142857
20,27.730769230769234,23.598901098901102
21,29.81318681318681,23.043956043956044
22,30.156586043718374,22.362637362637365
23,28.31318681318681,25.4010989010989
24,28.434065934065934,24.862637362637358
25,30.07652257157071,22.071428571428573
26,28.01648351648351,20.653846153846153
27,30.5,18.351648351648354
28,30.37912087912088,21.68131868131868
29,28.58241758241758,22.543956043956047
30,29.483516483516482,23.252747252747255
31,28.961538461538467,22.725274725274726
32,28.835164835164832,23.774725274725274
33,30.13186813186814,23.66483516483516
34,28.57142857142857,23.274725274725274
35,29.38461538461539,24.85164835164835
36,32.516852677037846,24.806821603392244
37,31.785714285714285,24.626373626373628
38,30.86813186813187,25.39010989010989
39,30.725274725274726,25.593406593406595
40,31.379761202199447,23.796703296703296
41,35.505494505494504,25.21428571428572
42,35.07692307692308,25.641191178020414
43,36.43424393700344,33.972527472527474
44,33.65384615384616,36.33516483516483
45,34.66483516483516,38.31438507480274
46,32.92857142857143,37.489010989010985
47,32.89010989010989,43.917582417582416
48,41.80769230769231,47.36607275465731
49,44.15384615384616,47.157281545866084
50,45.99345024470709,45.43956043956044
51,41.47147222272905,45.96153846153845
52,37.34065934065934,46.994505494505496
53,39.22051854088888,48.697802197802204
54,41.77472527472527,47.207920504491135
55,38.14835164835164,48.34899377526435
56,38.61741124671154,46.87912087912088
57,39.137362637362635,50.90572270229333
58,41.29080828585642,48.758241758241766
59,42.379761202199454,46.50000000000001
60,39.09030787979334,44.67495347152411
61,40.85164835164835,47.39473369130433
62,40.648832332176994,48.3901098901099
63,41.69230769230769,47.48351648351648
64,42.35164835164835,46.82224815868281
65,40.060439560439555,46.21428571428571
66,37.582417582417584,48.302197802197796
67,39.967032967032964,49.27472527472527
68,42.22527472527473,48.42307692307692
69,43.0934065934066,48.142857142857146
70,44.04395604395604,50.357142857142854
71,42.829670329670336,51.37912087912087
72,43.824384072691444,52.41758241758243
73,43.87362637362638,53.87362637362638
74,45.198379606872145,52.69230769230769
75,45.467032967032964,53.52747252747252
76,44.33516483516484,55.025544861979526
77,44.7967032967033,53.15934065934066
78,48.066574389012644,52.16483516483517
79,45.36263736263736,46.53846153846154
80,47.05494505494506,51.417582417582416
81,47.917582417582416,52.873626373626365
82,45.52197802197803,50.76923076923076
83,48.48625637338871,54.21978021978022
84,47.27472527472527,55.747252747252745
85,47.236632896818065,55.78201350474514
86,45.98901098901099,54.73076923076923
87,47.23094723370673,54.73626373626374
88,45.59614648327882,55.12087912087913
89,47.073455202755504,55.29120879120879
90,47.33745106877083,56.89010989010989
91,48.00300474153365,53.73076923076923
92,47.083057905496155,53.71978021978022
93,47.78086010329835,53.42857142857143
94,45.90659340659341,54.38461538461539
95,44.829670329670336,59.73626373626374
96,47.35164835164835,55.862637362637365
97,45.46153846153845,55.89010989010989
98,49.653846153846146,56.434065934065934
99,48.362637362637365,53.18681318681319
100,49.81318681318681,55.87362637362638
101,46.95054945054945,54.22527472527473
102,47.71978021978022,54.80769230769231
103,45.953873553653345,53.41208791208791
104,46.29184911428736,55.494505494505496
105,45.67914827892808,53.28571428571429
106,43.62388386241278,54.26923076923077
107,46.415412015191805,53.62637362637362
108,45.45054945054945,54.560439560439555
109,41.456043956043956,51.67582417582418
110,42.937310493325796,51.670329670329664
111,45.14306539137276,54.87912087912089
112,47.934274182581554,54.659340659340664
113,46.28571428571427,52.857142857142854
114,43.340659340659336,52.55494505494505
115,47.670329670329664,52.319001936326906
116,45.61538461538461,58.1978021978022
117,47.25274725274725,53.82417582417582
118,50.2032967032967,52.82417582417583
119,46.57692307692309,54.835164835164846
120,45.395604395604394,54.83516483516484
121,44.08791208791209,52.69230769230769
122,48.532967032967036,52.681318681318686
123,46.505494505494504,55.62087912087912
124,45.39010989010989,50.25274725274725
125,46.495020472078295,50.967032967032964
126,45.83516483516484,53.5989010989011
127,43.6088348600917,52.95378252829779
128,42.5989010989011,49.15384615384615
129,43.24725274725275,49.42857142857144
130,45.274725274725284,49.20879120879121
131,45.91779066609804,50.01648351648353
132,45.91245707264224,50.54945054945055
133,47.75824175824175,50.35164835164835
134,46.00549450549451,50.598901098901095
135,47.283543883323674,46.52005035648501
136,43.33516483516484,47.910160246594906
137,46.681318681318686,48.74532508175974
138,42.749279378579665,48.5
139,39.28458579606656,54.43406593406594
140,39.670329670329664,49.24638204295268
141,44.4372789241152,50.85164835164836
142,44.62937836790728,44.92857142857144
143,43.96153846153846,45.59340659340659
144,43.53314503590453,48.57692307692308
145,45.492015730544644,46.560439560439555
146,42.082417582417584,47.22527472527473
147,44.794532894312674,50.406593406593416
148,46.78021978021979,49.811259147693804
149,45.92364641055853,48.23267010593401
150,45.65959078525202,48.005494505494504
151,48.57692307692309,45.87912087912088
152,43.96190762209279,48.642857142857146
153,43.78021978021978,48.82417582417584
154,45.31521344451374,47.28571428571429
155,44.72180685110714,46.604395604395606
156,43.382125620654534,50.939560439560445
157,42.65384615384615,50.763736263736256
158,42.40723372967198,49.41758241758241
159,44.72527472527473,47.95054945054945
160,42.00567250843201,45.63736263736264
161,43.83516483516484,45.98351648351648
162,44.11191674121704,42.22527472527473
163,42.3358051582434,45.6978021978022
164,48.07142857142857,45.187133804458796
165,47.13736263736264,48.456043956043956
166,45.5169984940563,47.56593406593406
167,48.143372120429945,44.137362637362635
168,45.54183544054952,45.41208791208791
169,44.84915858768749,45.76923076923076
170,46.63186813186813,43.01648351648352
171,47.0,45.505494505494504
172,46.14285714285714,48.37912087912088
173,44.71428571428571,48.69587453230919
174,45.07539299761105,46.30769230769231
175,44.77472527472527,49.25274725274726
176,42.89075021318846,47.26923076923078
177,44.410878794284194,46.88461538461537
178,43.70879120879121,45.467032967032964
179,41.39010989010988,44.87912087912088
180,42.66483516483517,44.84615384615385
181,43.2204205428588,46.79670329670329
182,44.40173922417747,46.06043956043956
183,43.1978021978022,43.285714285714285
184,43.88970938475753,43.082417582417584
185,43.914114543414826,46.65741299384766
186,43.543956043956044,47.05494505494506
187,41.467032967032964,49.153846153846146
188,41.401098901098905,46.36813186813186
189,42.25121717343522,44.604395604395606
190,42.17032967032966,42.505494505494504
191,41.51648351648352,43.39010989010989
192,44.21813902741356,43.02747252747253
193,42.52197802197803,42.46153846153846
194,41.63186813186813,44.829670329670336
195,42.51372890086123,42.57605237262301
196,43.80769230769231,47.15384615384615
197,43.84065934065934,44.8021978021978
198,43.06107988351815,45.42857142857143
199,44.84615384615385,46.79670329670329
200,45.92307692307692,45.082417582417584
201,39.104395604395606,43.51648351648352
202,45.205963657702185,44.25571862983932
203,45.21556636044285,45.489010989010985
204,45.52747252747253,41.670329670329664
205,44.439560439560445,40.76923076923077
206,41.54945054945055,43.120008416579054
207,42.10989010989011,45.45054945054946
208,43.38461538461537,42.681318681318686
209,44.44505494505495,46.40659340659341
210,44.3901098901099,41.670329670329664
211,39.97802197802197,39.692307692307686
212,42.4573246022011,40.51648351648351
213,40.96703296703296,39.08598442241908
214,42.65384615384615,39.33516483516483
215,40.681318681318686,41.0989010989011
216,41.582417582417584,43.07632761401365
217,39.43992960011478,42.87912087912088
218,41.57692307692309,43.543956043956044
219,41.898928498708294,42.71428571428571
220,40.25824175824175,41.35164835164835
221,40.46153846153846,38.94505494505494
222,40.83516483516483,40.44505494505494
223,40.791577951763124,38.560760178085154
224,40.0741684613008,39.379120879120876
225,39.104395604395606,42.950549450549445
226,40.19230769230769,41.42307692307692
227,39.73626373626374,42.681318681318686
228,40.44465443970259,38.62087912087913
229,39.62087912087912,45.613718650547895
230,40.42371724615548,45.20712524395448
231,41.49471374302111,42.9010989010989
232,42.561079883518126,41.48901098901099
233,39.85714285714286,39.86204189972793
234,40.42857142857144,37.5378660755521
235,40.291208791208796,40.23076923076923
236,39.96767329011153,39.76923076923077
237,39.59123619101599,43.67582417582417
238,40.70879120879121,39.7032967032967
239,42.27432476937291,39.33516483516484
240,36.02747252747252,39.55121997663377
241,38.340659340659336,40.34615384615385
242,37.07142857142857,38.24175824175824
243,38.65384615384615,36.88461538461539
244,37.25845000675738,37.73626373626374
245,36.19982882912911,39.65934065934066
246,37.620879120879124,42.71428571428571
247,38.79120879120878,41.05494505494506
248,40.52747252747253,37.31152084835009
249,41.05494505494505,42.395604395604394
250,41.28021978021978,39.104395604395606
251,39.23626373626374,38.043956043956044
252,37.73626373626374,38.13186813186813
253,37.232795862096154,40.065934065934066
254,38.19251594082331,38.61538461538462
255,38.362637362637365,38.94505494505494
256,39.102225202004995,38.302197802197796
257,36.491297222616986,39.59340659340659
258,36.934065934065934,38.324175824175825
259,39.395604395604394,42.81868131868133
260,40.63186813186813,40.714285714285715
261,39.694593925913686,39.456043956043956
262,38.862637362637365,43.65934065934066
263,36.99410498915313,42.52747252747253
264,39.18681318681318,43.67582417582417
265,37.73626373626373,39.33516483516483
266,39.12087912087912,42.791208791208796
267,38.85714285714286,40.78021978021978
268,39.36877219121045,44.11538461538461
269,41.07713132543869,45.07692307692309
270,35.26923076923077,40.543085339655974
271,36.48351648351648,41.33854627416126
272,35.39075021318846,43.77472527472527
273,37.008818608598396,42.52747252747252
274,42.318681318681314,39.89010989010989
275,38.57142857142857,40.47252747252747
276,35.970037708566615,40.6043956043956
277,32.862637362637365,40.66089944563641
278,35.28021978021978,39.318681318681314
279,38.915092653621564,39.41758241758241
280,35.03846153846153,43.13186813186814
281,37.48415680659505,40.41758241758241
282,38.39010989010989,35.37362637362638
283,36.437390037169834,37.11538461538461
284,37.40659340659341,36.23626373626374
285,36.489010989010985,35.97802197802197
286,39.44505494505494,39.6978021978022
287,38.56657438901264,40.37196040878965
288,37.56043956043956,39.03296703296703
289,36.450549450549445,40.57692307692308
290,37.27472527472527,41.329670329670336
291,36.19780219780219,38.75108128791052
292,34.40862003792033,38.34615384615384
293,33.68681318681319,43.032967032967036
294,34.82107711056257,39.87362637362638
295,37.8021978021978,40.62087912087912
296,36.12108736939474,39.37912087912088
297,38.12969772947752,43.44505494505495
298,39.37362637362637,42.47596286454741
299,35.917582417582416,41.417582417582416
300,37.75824175824176,41.99283952966877
301,36.42857142857143,44.489010989010985
302,32.46217878461703,44.67582417582418
303,35.47802197802198,45.02197802197803
304,37.03296703296703,43.208791208791204
305,39.10503592747418,40.70879120879121
306,38.98351648351649,42.904927441756676
307,37.88461538461539,43.80769230769231
308,36.489010989010985,42.88461538461539
309,32.62637362637363,41.967032967032964
310,35.59235134360817,42.65384615384616
311,34.70879120879121,39.98158881802347
312,37.89010989010989,37.77472527472527
313,36.50549450549451,40.07142857142857
314,37.43189553167532,38.708791208791204
315,35.67032967032967,40.137362637362635
316,36.26156586134566,42.049450549450555
317,36.71428571428571,44.840659340659336
318,37.87362637362637,43.40050343818949
319,33.75824175824176,43.70879120879121
320,32.69230769230769,42.994505494505496
321,36.747252747252745,43.86646590329515
322,36.953873553653345,43.1043956043956
323,36.34615384615384,42.010989010989015
324,33.6978021978022,40.098901098901095
325,35.98854785637706,42.58241758241759
326,35.52530212508192,40.31318681318682
327,35.08812033642771,39.60989010989012
328,37.21428571428572,41.5989010989011
329,37.4945054945055,39.8901098901099
330,36.09543322473351,41.7967032967033
331,32.818681318681314,40.97252747252747
332,34.64618124596103,40.77472527472527
333,34.31868131868132,43.49391003159606
334,33.98901098901099,46.996199477925295
335,35.197802197802204,43.07605237262301
336,35.38461538461539,42.32417582417583
337,33.346153846153854,45.52747252747252
338,33.362637362637365,43.51098901098901
339,32.882444982224776,42.10352490009555
340,34.252747252747255,41.872618943259845
341,33.92307692307693,42.44505494505495
342,37.76923076923077,42.40599794368398
343,36.565934065934066,43.44954202018293
344,35.747252747252745,44.09340659340659
345,37.0989010989011,40.88461538461539
346,36.17914827892807,43.71978021978022
347,35.494505494505496,41.895604395604394
348,36.670329670329664,40.40659340659341
349,38.63186813186813,37.254306039042994
350,35.582417582417584,42.59340659340659
351,37.3021978021978,40.456043956043956
352,35.44505494505494,38.86813186813187
353,37.18131868131868,41.274725274725284
354,36.86813186813187,39.59684198542653
355,34.35164835164836,38.81231610888675
356,36.58791208791209,40.74175824175825
357,37.8021978021978,40.22527472527473
358,37.70622030104824,43.939560439560445
359,38.19230769230769,42.9224814601675
360,38.934065934065934,42.04336058104661
361,39.48351648351649,40.78571428571429
362,38.17582417582418,40.32417582417582
363,39.582417582417584,40.917582417582416
364,37.47802197802198,38.37362637362638
365,35.06043956043956,41.38923918580982
366,36.86514467778962,43.120008416579054
367,40.3811475104478,44.25274725274725
368,38.1978021978022,41.93956043956044
369,37.07692307692308,37.901098901098905
370,37.543956043956044,38.005494505494504
371,37.64322630341147,43.14835164835165
372,35.44837904815884,41.19230769230769
373,38.882444982224776,39.9065934065934
374,36.33476432981248,38.55473288511519
375,36.967032967032964,40.51944135284123
376,38.692948015386264,37.642857142857146
377,37.401098901098905,39.62087912087912
378,39.89075021318846,36.52197802197803
379,37.857142857142854,40.86813186813187
380,37.56043956043956,40.3131868131868
381,37.80769230769231,40.32826975066597
382,38.5,39.7573710539417
383,38.81318681318682,44.76863530632134
384,38.32417582417583,46.14835164835165
385,36.92877967708705,45.05494505494505
386,36.642857142857146,40.03296703296702
387,38.04510974466933,42.39076842458008
388,40.585741685521484,41.84065934065934
389,38.14835164835164,43.017171598479194
390,39.56376366354346,41.58731662500266
391,36.73036872541687,41.73626373626374
392,36.72527472527473,39.79670329670329
393,38.527472527472526,39.21978021978022
394,37.76923076923077,41.21428571428571
395,35.74725274725275,43.032967032967036
396,38.52197802197803,40.76923076923077
397,38.51648351648352,39.87362637362638
398,40.10989010989011,42.130202167031406
399,38.88461538461539,41.57692307692309
400,40.54025556225341,42.78021978021978
401,37.250576850356644,42.70712524395448
402,36.43366542871358,41.90659340659341
403,38.40659340659341,41.01098901098901
404,37.082417582417584,40.505494505494504
405,37.88461538461538,41.38461538461539
406,36.78021978021978,43.14835164835165
407,37.2187249699818,45.69587453230918
408,39.159340659340664,44.51394684734672
409,40.717609817389615,44.7628655594362
410,41.07142857142856,44.10989010989011
411,41.8021978021978,42.04945054945054
412,37.17148337104296,41.214285714285715
413,37.15037827967857,41.15999919381086
414,37.043956043956044,41.98954282806747
415,37.16686179616209,45.3131868131868
416,37.86596146574126,41.37912087912088
417,36.77472527472528,42.477151273721915
418,39.05494505494505,42.98351648351649
419,39.98351648351649,39.19230769230769
420,40.05266353949982,42.42307692307692
421,37.8021978021978,43.23626373626374
422,34.72730135660164,42.714285714285715
423,36.26711016582425,44.505494505494504
424,38.81278630783446,42.62616145654377
425,39.925103554403854,45.05434959203562
426,34.23626373626374,43.71428571428571
427,38.0989010989011,45.956702490514154
428,36.637362637362635,41.97252747252747
429,37.362637362637365,42.68197721578888
430,37.937390037169834,40.18197721578888
431,39.543956043956044,40.71978021978022
432,38.950549450549445,45.24519363377818
433,38.9154120151918,44.02813106194273
434,43.415011509839445,44.083076116887774
435,39.37912087912088,43.63186813186813
436,37.840659340659336,38.32417582417583
437,37.89010989010989,36.36813186813187
438,36.785714285714285,38.98901098901099
439,37.53499366429396,39.04395604395604
440,38.252747252747255,44.08624612307536
441,38.84818047748077,43.77472527472527
442,37.98351648351649,44.97252747252748
443,36.15613238745215,41.53786607555211
444,35.33516483516484,43.074995411430066
445,36.15167575145554,43.070833108519146
446,38.30769230769231,41.76373626373626
447,37.29015354141037,42.098901098901095
448,36.89311463164354,39.97252747252747
449,35.607256574865566,40.139156361887984
450,35.66136729066758,40.63020216703141
451,35.8021978021978,39.97252747252747
452,39.28021978021978,39.91208791208791
453,32.93956043956044,38.48351648351648
454,34.42857142857143,37.95054945054945
455,31.52530212508192,37.78379843557007
456,33.06593406593407,37.208791208791204
457,32.087912087912095,39.46643750412353
458,32.00064032307857,39.9065934065934
459,34.1499777743262,41.236795575320215
460,34.55494505494505,40.67582417582418
461,36.49175087888322,43.005494505494504
462,34.94505494505494,42.38461538461539
463,35.67646449890275,40.21011353431306
464,31.639389268689555,38.88154884077429
465,33.62637362637362,41.63802117183283
466,34.04945054945055,38.37912087912088
467,32.40004365130048,36.824175824175825
468,32.994505494505496,39.57692307692308
469,34.637362637362635,39.670329670329664
470,37.48901098901099,39.863169201693836
471,36.16483516483517,40.38461538461539
472,34.06043956043956,40.33516483516484
473,34.60989010989011,39.417582417582416
474,33.86813186813187,39.053279090108326
475,32.73366147620401,38.17065028797527
476,31.47802197802198,36.972527472527474
477,33.065934065934066,38.3057646421993
478,31.181318681318682,36.08791208791209
479,34.91208791208791,40.060439560439555
480,33.43609256539286,42.091740628569866
481,34.14285714285714,37.921410958240195
482,31.842685971986263,39.532967032967036
483,33.97802197802198,39.774725274725284
484,33.120879120879124,38.45087006819505
485,34.395604395604394,37.11371865054789
486,30.892136521436814,39.926905463734705
487,33.95807058737088,41.59340659340659
488,33.23586323091137,38.85714285714286
489,32.346153846153854,39.93750132608587
490,31.58241758241758,39.670329670329664
491,29.41103266228949,39.87362637362638
492,32.2912087912088,43.85714285714285
493,33.94505494505494,41.373626373626365
494,32.16483516483516,41.01648351648351
495,33.802197802197796,37.032096328666974
496,31.219780219780223,36.59684198542653
497,32.05494505494506,39.1079624443971
498,33.97252747252747,34.725806564331194
499,32.32967032967033,38.214285714285715
500,31.56043956043956,37.467032967032964
501,32.03846153846154,33.67098820479987
502,30.47252747252747,35.07142857142857
503,31.71978021978022,35.92857142857143
504,31.840659340659336,33.52813106194273
505,32.357142857142854,31.594065127876792
506,34.48415680659505,34.4010989010989
507,36.364663993964285,36.75689641105063
508,34.50000000000001,37.72527472527472
509,33.99450549450549,37.48351648351649
510,32.35164835164835,37.379120879120876
511,30.989010989010985,37.48901098901099
512,31.395604395604398,33.950549450549445
513,34.677850807151096,36.708791208791204
514,33.73926847779739,34.70879120879121
515,30.85164835164835,32.03846153846154
516,32.81868131868132,32.25824175824176
517,31.906593406593405,32.97086150769074
518,31.604395604395606,34.7039552377669
519,28.62637362637363,33.35164835164835
520,28.0989010989011,34.082417582417584
521,31.36813186813187,32.85164835164834
522,28.252747252747255,34.43406593406594
523,31.758241758241756,31.09340659340659
524,30.13186813186813,29.879120879120872
525,29.752747252747252,30.91758241758242
526,30.84615384615385,30.219780219780223
527,31.28831852189558,29.516483516483518
528,31.11538461538461,33.37912087912088
529,31.524004653304946,34.132526666338336
530,31.8021978021978,34.372369057952355
531,31.384615384615383,34.36813186813187
532,30.708791208791215,29.24116277884881
533,29.53846153846154,33.55494505494506
534,31.104395604395613,32.12637362637363
535,30.07142857142857,32.29120879120879
536,26.673334411863323,30.85627215284279
537,29.989010989010993,32.09340659340659
538,30.657170256950046,33.440092278616916
539,29.016483516483518,30.434065934065934
540,30.318681318681318,26.956043956043953
541,28.161367290667577,30.252151789837818
542,27.631868131868128,28.467032967032967
543,28.796703296703296,31.686813186813193
544,29.124203223983013,32.71978021978022
545,28.58685683811367,31.791208791208785
546,29.811016410796203,29.230769230769234
547,29.43956043956044,27.587912087912084
548,29.505494505494507,27.74116277884881
549,29.749279378579665,29.329670329670325
550,25.659340659340664,27.537866075552113
551,26.340659340659343,27.580156154671425
552,27.13186813186813,27.225274725274726
553,28.499999999999996,29.109890109890117
554,27.142456637504782,31.214285714285715
555,27.840258835306983,27.752747252747255
556,28.09340659340659,26.252747252747252
557,27.395604395604394,26.489010989010993
558,27.362637362637358,30.41274644655811
559,24.884615384615383,28.6978021978022
560,26.637362637362635,27.48351648351649
561,29.747252747252748,27.230769230769234
562,29.401098901098905,28.10929464698068
563,28.543956043956047,29.170329670329675
564,26.170969993408242,31.510989010989015
565,27.950549450549453,32.450549450549445
566,25.192307692307697,31.010989010989007
567,26.286354608792855,31.532967032967026
568,26.905538156794986,27.703296703296704
569,26.2822464115467,25.554945054945055
570,26.617988851565904,27.23626373626373
571,26.857142857142854,26.802197802197803
572,27.989010989010985,28.170329670329675
573,25.5,28.60989010989011
574,28.678110409430182,27.340659340659343
575,26.112557064295597,31.03846153846154
576,29.675824175824175,28.10989010989011
577,28.016483516483518,29.615384615384617
578,25.58241758241758,29.159340659340664
579,23.90991750969731,28.44505494505495
580,21.75824175824176,30.05494505494505
581,27.510989010989007,28.401098901098898
582,27.70927189261656,29.560971399496033
583,25.423076923076923,29.251556326928394
584,25.36263736263737,32.07142857142858
585,23.60989010989011,29.52747252747253
586,26.989010989010993,25.459622611394238
587,25.948379048158845,27.576923076923073
588,24.57142857142857,24.3021978021978
589,25.00202663132692,27.31868131868132
590,22.043956043956044,25.236263736263734
591,22.14835164835165,27.087912087912084
592,23.972527472527474,24.948490337074876
593,24.340659340659343,26.56593406593407
594,22.4010989010989,28.747252747252737
595,21.91758241758242,29.34615384615385
596,23.17582417582418,28.25618264476719
597,22.280397783157284,26.85164835164835
598,22.934065934065934,27.75824175824176
599,21.642857142857142,26.675824175824175
600,21.395604395604394,27.972527472527474
601,23.076923076923073,26.697802197802197
602,22.4010989010989,27.32417582417582
603,20.912087912087916,25.56593406593407
604,23.203296703296704,23.16290749934215
605,18.956043956043956,26.20163073845998
606,18.31868131868132,25.470861507690742
607,19.758241758241756,22.978021978021978
608,19.335164835164832,23.096841985426526
609,20.782246411546698,25.324707663232296
610,21.13146762651577,25.48351648351649
611,19.4010989010989,24.109890109890106
612,22.258241758241756,24.5989010989011
613,19.747252747252748,22.88461538461538
614,22.0934065934066,25.89010989010989
615,21.24175824175824,25.10989010989011
616,20.63186813186813,24.059568856139496
617,20.78021978021978,26.58791208791209
618,21.659340659340657,25.510118306688945
619,22.73076923076923,24.692307692307686
620,24.08201707706522,25.04945054945055
621,22.785313780361925,25.203296703296704
622,23.43956043956044,24.68044797701862
623,21.593406593406595,24.824834358646022
624,24.307692307692307,25.5
625,24.071428571428573,25.604395604395606
626,23.757841252889396,24.21341500998565
627,24.68091817596632,25.0989010989011
628,23.653846153846153,25.3617666583373
629,22.049450549450547,26.588443926968555
630,21.71428571428572,23.076923076923077
631,20.884214879263023,24.37275566932631
632,19.95118977362802,26.378250174820813
633,21.664835164835168,28.346153846153843
634,22.139389268689555,24.945586784111416
635,21.071428571428573,23.72440402097466
636,19.000000000000004,26.483516483516482
637,20.301797296845447,24.494505494505496
638,21.356341846438134,22.03846153846154
639,21.42857142857143,23.830328864140537
640,20.900297890394178,20.791208791208792
641,22.917181912230053,20.66483516483516
642,22.13146762651577,19.915469351084337
643,22.24175824175824,19.813186813186817
644,19.63736263736264,20.95054945054945
645,18.97252747252747,20.41758241758242
646,21.780219780219777,22.56043956043956
647,21.219780219780223,19.47252747252747
648,24.027472527472526,18.478021978021978
649,23.725274725274726,20.241758241758244
650,23.923076923076927,17.148351648351646
651,20.752747252747255,19.774725274725274
652,22.263335758383903,20.571428571428577
653,22.906593406593405,22.060439560439555
654,21.807692307692307,19.35164835164835
655,19.752747252747252,18.280219780219777
656,19.351648351648354,20.77280942458106
657,19.09340659340659,19.91208791208791
658,20.10989010989011,22.115384615384617
659,18.702896197944344,21.027472527472526
660,19.395604395604394,22.965367002196242
661,18.697802197802197,20.994505494505493
662,20.529499158799446,20.516483516483518
663,22.362637362637365,21.62087912087912
664,23.269230769230774,20.73076923076923
665,21.032967032967033,20.994505494505496
666,19.989010989010985,21.495164028975697
667,20.945054945054945,22.532967032967033
668,20.983516483516482,23.890109890109894
669,20.604395604395606,21.692966226777894
670,19.263736263736263,22.56593406593407
671,18.23076923076923,23.25274725274725
672,19.582417582417584,22.973186006997672
673,18.928571428571427,24.483516483516482
674,18.714285714285715,22.796703296703296
675,19.4010989010989,22.82967032967033
676,18.785714285714285,22.280219780219777
677,17.17582417582418,23.020312057141293
678,15.521978021978022,21.07692307692308
679,18.708791208791208,23.63186813186813
680,18.24175824175824,22.324175824175825
681,16.505494505494507,20.373626373626376
682,17.18718234736752,20.565934065934066
683,19.87912087912088,21.21978021978022
684,15.53846153846154,20.450549450549453
685,16.543956043956044,19.247252747252748
686,15.64835164835165,20.747252747252745
687,15.52747252747253,19.96153846153846
688,15.087511582559726,23.642857142857146
689,17.505494505494507,21.291208791208792
690,16.296703296703296,18.478021978021978
691,14.84065934065934,14.626373626373628
692,13.252747252747252,13.423076923076923
693,13.474813706133476,17.362637362637365
694,11.285313780361925,15.928571428571427
695,12.587511582559726,17.86813186813187
696,13.862236857285,17.69410141683305
697,13.982715472811758,18.681318681318682
698,12.369757994106426,15.576923076923075
699,13.23076923076923,14.75274725274725
700,12.669929164977306,16.225274725274723
701,11.295648046904876,17.142857142857146
702,10.763335758383901,18.296703296703296
703,12.928571428571429,19.021978021978022
704,12.51648351648352,15.747252747252748
705,12.879120879120878,15.34065934065934
706,11.565934065934066,17.24175824175824
707,11.274725274725274,17.060439560439566
708,10.978021978021976,18.01648351648351
709,11.489010989010989,16.503828540657782
710,11.835164835164836,18.668663705492943
711,12.08241758241758,17.252747252747252
712,11.868131868131867,16.615384615384617
713,11.70879120879121,14.456043956043954
714,10.648351648351648,15.472527472527473
715,10.25824175824176,13.611683834415468
716,9.527472527472526,13.460667757238399
717,10.736263736263735,16.753405787217453
718,10.64245663750478,17.13186813186813
719,10.038461538461537,16.42307692307692
720,11.472527472527474,17.543956043956044
721,10.25274725274725,16.01098901098901
722,10.379120879120878,14.252747252747254
723,8.274725274725274,15.175824175824175
724,10.268250293148686,15.20879120879121
725,9.26275578765418,15.10989010989011
726,8.295722820621213,14.516483516483513
727,9.246272271170664,13.862637362637361
728,8.570448095346487,14.258241758241759
729,8.108909633808027,14.170329670329672
730,8.334184359082752,14.384615384615387
731,8.170329670329668,12.269230769230766
732,7.950549450549451,12.521978021978024
733,7.967032967032968,13.906593406593403
734,7.406593406593407,13.554945054945055
735,8.604395604395604,15.203955237766904
736,8.285714285714285,12.884615384615385
737,8.06043956043956,14.358936581668216
738,6.813186813186813,13.906593406593409
739,5.9945054945054945,12.997886933501915
740,6.7527472527472545,12.851648351648352
741,7.549450549450548,15.5
742,8.096411334940244,13.906593406593405
743,7.098901098901099,12.857142857142858
744,7.906593406593408,14.170329670329672
745,9.613214212994006,13.098901098901099
746,8.247252747252746,12.773059309888554
747,7.796703296703297,14.806558181912054
748,8.456043956043954,11.972527472527473
749,8.912087912087912,15.118766054381037
750,6.967032967032967,11.888443925273164
751,8.686813186813186,10.784048320877561
752,8.054945054945055,12.741758241758244
753,10.79120879120879,13.296703296703296
754,10.697802197802199,12.741758241758241
755,9.29120879120879,14.668663705492945
756,8.481026719555631,14.65934065934066
757,9.4010989010989,13.91388163661327
758,10.054945054945055,12.382502318117302
759,11.0,12.445054945054945
760,10.274725274725276,12.351648351648352
761,11.434065934065936,11.686813186813184
762,11.697802197802199,11.186813186813186
763,12.840659340659341,9.813186813186814
764,11.554945054945055,12.043956043956042
765,11.945424105609277,11.142857142857146
766,10.23076923076923,9.197802197802199
767,9.741758241758243,13.104395604395602
768,13.685757937014769,16.22527472527473
769,13.181318681318679,14.681318681318682
770,12.241758241758241,15.371513307128291
771,11.725274725274724,13.69230769230769
772,11.483516483516485,14.296703296703297
773,10.505494505494504,15.20879120879121
774,10.082417582417584,14.027472527472527
775,9.813186813186814,14.06043956043956
776,9.494505494505496,12.04945054945055
777,9.79120879120879,14.730769230769228
778,9.972527472527473,12.961538461538463
779,9.346153846153847,12.80769230769231
780,8.78021978021978,12.247252747252748
781,10.313186813186814,10.780219780219783
782,9.258241758241759,12.118766054381037
783,10.054945054945053,11.659340659340659
784,9.956043956043958,12.587912087912088
785,10.296703296703297,13.7032967032967
786,9.373626373626372,13.620879120879122
787,9.785714285714286,12.043956043956042
788,9.686813186813186,10.175824175824175
789,11.318681318681316,11.43956043956044
790,12.236263736263735,9.335164835164836
791,10.153846153846153,10.434065934065934
792,11.972527472527473,9.895604395604396
793,9.005494505494505,10.64835164835165
794,9.357142857142858,10.31933985315152
795,10.521978021978022,9.846812380624046
796,9.252747252747254,9.527472527472527
797,8.247252747252748,11.118820007404553
798,9.549450549450551,11.642857142857146
799,10.043956043956046,9.61670694090647
800,11.434065934065936,8.247252747252748
801,13.51648351648352,7.019918908503454
802,13.401098901098901,9.03640242498697
803,11.972527472527473,9.89903978762433
804,10.752747252747252,8.263736263736265
805,11.571428571428573,10.527472527472527
806,12.45054945054945,10.170329670329672
807,12.543956043956047,7.181318681318682
808,12.30769230769231,7.417582417582418
809,10.467032967032967,7.582417582417582
810,10.252747252747252,7.769230769230769
811,11.032967032967035,7.054945054945056
812,10.428571428571429,8.747252747252748
813,11.527472527472527,8.346153846153847
814,9.434065934065934,7.3791208791208796
815,10.697802197802197,8.791208791208792
816,10.516483516483515,8.884615384615385
817,11.675824175824175,9.736263736263735
818,12.043956043956042,9.461538461538463
819,12.76923076923077,10.186813186813188
820,13.945054945054945,9.593406593406593
821,11.335164835164834,8.840659340659341
822,12.84065934065934,9.598901098901099
823,12.30769230769231,9.41208791208791
824,12.521978021978024,10.753405787217455
825,13.807692307692308,10.142857142857142
826,13.021978021978022,9.478021978021978
827,13.829670329670328,10.532967032967033
828,12.895604395604398,10.025413413997956
829,14.318681318681318,11.247252747252746
830,13.747252747252748,11.934065934065936
831,11.664835164835166,14.175824175824177
832,11.494505494505493,12.76923076923077
833,10.80769230769231,15.252747252747252
834,13.686813186813188,12.675824175824175
835,11.758241758241759,13.857142857142858
836,11.714285714285714,12.219780219780217
837,12.653846153846157,13.37912087912088
838,11.587912087912088,13.192307692307692
839,12.604395604395604,15.410028798613345
840,11.615384615384615,15.719780219780217
841,12.516852677037848,14.032967032967035
842,12.862637362637363,15.362637362637363
843,14.087912087912088,16.9010989010989
844,14.412087912087912,15.335164835164836
845,12.741758241758244,16.41758241758242
846,13.585422323951235,15.038461538461538
847,12.192307692307692,15.763736263736263
848,12.23076923076923,15.670329670329672
849,10.250257488786398,16.3021978021978
850,10.349158587687496,16.59684198542653
851,11.527472527472526,16.664835164835164
852,10.313186813186812,18.789149677734223
853,10.862637362637363,15.28914967773422
854,9.780219780219781,15.404534293118836
855,10.730769230769234,13.846153846153847
856,11.483516483516484,14.401098901098901
857,11.510989010989013,15.78021978021978
858,11.71978021978022,17.954128105899738
859,11.15934065934066,17.236263736263737
860,11.005702754010125,18.197802197802197
861,11.494505494505493,19.24175824175824
862,10.739268477797387,13.89393843076767
863,10.329670329670328,15.780219780219777
864,9.39010989010989,18.505494505494504
865,9.774725274725276,15.41758241758242
866,9.82070795000824,18.11882000740455
867,9.741758241758241,18.388194039965672
868,10.054945054945053,14.714285714285714
869,11.851648351648352,15.718114254943494
870,10.576923076923077,14.580358468943011
871,11.093406593406595,15.406593406593403
872,11.285714285714286,16.382556271140814
873,11.70283357066277,16.327557263172245
874,12.287663777449517,16.835164835164836
875,13.56043956043956,16.45398484256939
876,12.016083011131155,14.747252747252746
877,12.681318681318682,14.47252747252747
878,13.2967032967033,15.415523304107849
879,13.461538461538462,15.313186813186812
880,11.038461538461538,15.005494505494504
881,12.236263736263739,12.214285714285714
882,11.626373626373626,11.626373626373626
883,13.043956043956046,12.456043956043954
884,11.73076923076923,13.186813186813186
885,13.91208791208791,11.010989010989011
886,13.071428571428571,10.225274725274726
887,11.010989010989011,11.28021978021978
888,10.483516483516485,12.080304515919496
889,9.695312433841345,10.076923076923077
890,10.137362637362637,10.774725274725274
891,10.373626373626374,12.401098901098898
892,11.016483516483516,14.932006820591361
893,11.593406593406595,12.319213157737789
894,12.206301444830356,11.274725274725276
895,11.120879120879117,12.352180190704821
896,10.39010989010989,11.747252747252746
897,10.437070675599585,10.64835164835165
898,8.692307692307693,11.016483516483516
899,9.093406593406593,11.148351648351648
900,7.89010989010989,11.175824175824177
901,7.884615384615385,10.846153846153847
902,8.532967032967033,10.703296703296703
903,6.521978021978023,12.76923076923077
904,8.631868131868131,13.473186006997672
905,9.90410364263255,11.109890109890111
906,9.214285714285715,11.093406593406595
907,7.873626373626374,11.71978021978022
908,8.923076923076925,10.994505494505496
909,7.912087912087912,11.571428571428573
910,8.384615384615385,9.483516483516484
911,9.467032967032967,10.076923076923077
912,9.615384615384615,10.802197802197801
913,7.637362637362637,11.412087912087912
914,7.450549450549451,10.175824175824175
915,8.20879120879121,10.78021978021978
916,8.686813186813186,10.219780219780217
917,7.67032967032967,11.13186813186813
918,9.917582417582416,9.571428571428573
919,8.335164835164836,9.478021978021978
920,7.587912087912088,9.758241758241759
921,7.489010989010989,8.692307692307693
922,8.686813186813186,10.366465903295145
923,9.313186813186812,10.0989010989011
924,9.17032967032967,9.302197802197801
925,9.313186813186814,10.615384615384615
926,7.291208791208792,9.489010989010989
927,9.47252747252747,7.868131868131868
928,8.82967032967033,8.6978021978022
929,9.27916453042136,10.93956043956044
930,10.417582417582416,8.62087912087912
931,10.565934065934066,11.115384615384615
932,10.829670329670328,12.439560439560438
933,9.879120879120878,10.653846153846153
934,8.538461538461538,9.829670329670328
935,9.464543203072115,9.054945054945055
936,8.521978021978022,8.846153846153847
937,7.956043956043955,8.153846153846153
938,8.565934065934066,9.236263736263735
939,8.604395604395604,11.076923076923077
940,8.54945054945055,8.461538461538462
941,9.445054945054945,7.153846153846154
942,10.274725274725274,9.357142857142858
943,11.524982763511673,11.076923076923077
944,10.252747252747252,8.39010989010989
945,8.796703296703297,9.06043956043956
946,10.313186813186814,7.928571428571429
947,10.494505494505493,7.016483516483516
948,10.34065934065934,7.571428571428571
949,9.967032967032965,9.153846153846153
950,10.291208791208792,7.593406593406594
951,8.945054945054945,7.087912087912088
952,7.379120879120878,7.384615384615385
953,8.373626373626372,7.945054945054945
954,10.33003949022466,8.890109890109889
955,8.305202543731454,8.71772110630565
956,8.118389356918268,9.576923076923077
957,8.302197802197803,8.43956043956044
958,7.401098901098901,8.91208791208791
959,7.362637362637363,8.263736263736263
960,9.565934065934066,8.203296703296704
961,8.03846153846154,8.70879120879121
962,8.571428571428571,9.879120879120878
963,6.829670329670329,9.827611216195761
964,7.2857142857142865,10.516483516483516
965,8.686813186813186,8.851648351648352
966,9.159340659340659,11.516483516483516
967,9.032967032967035,12.791208791208792
968,7.170329670329669,10.307692307692308
969,8.489010989010987,11.252747252747254
970,8.269230769230768,12.921017809602354
971,7.967032967032967,13.41758241758242
972,8.829670329670328,12.131868131868133
973,9.934065934065934,13.752747252747252
974,9.04945054945055,9.901098901098901
975,9.043956043956044,11.126373626373628
976,9.758241758241759,11.406593406593409
977,9.164835164835166,10.961538461538462
978,7.631868131868132,10.456043956043954
979,8.840659340659341,11.510989010989011
980,7.747252747252748,10.12087912087912
981,7.252747252747252,10.794644183228725
982,7.445054945054944,13.071428571428571
983,7.928571428571427,12.445054945054945
984,7.653846153846154,12.571428571428568
985,8.329670329670328,11.236263736263735
986,7.412087912087913,12.307692307692308
987,8.532967032967033,13.73076923076923
988,7.912087912087912,12.516483516483516
989,7.489010989010989,12.329670329670328
990,8.098901098901099,11.461538461538462
991,7.7747252747252755,10.142857142857142
992,8.791208791208792,11.012782735514369
993,7.796703296703298,11.263736263736263
994,7.686813186813186,11.785714285714286
995,7.417582417582418,11.115916454441084
996,5.741758241758243,9.576923076923077
997,6.131868131868132,9.120879120879122
998,7.543956043956044,12.126373626373626
999,8.335164835164834,10.263736263736265
1000,8.164835164835164,11.752747252747252
1001,9.994505494505493,11.043956043956042
1002,7.3791208791208796,10.280219780219783
1003,7.247252747252746,10.26923076923077
1004,6.648351648351648,11.274725274725274
1005,6.429101897425189,11.692307692307692
1006,6.269761238084529,11.71978021978022
1007,6.78075024907354,11.763736263736263
1008,6.934596402919695,10.89010989010989
1009,5.8027282710515635,10.56043956043956
1010,6.15987112819442,13.346153846153848
1011,5.670329670329669,10.967032967032965
1012,7.456043956043957,11.0
1013,6.565934065934065,11.56043956043956
1014,7.670329670329671,12.346153846153847
1015,7.351648351648351,11.12087912087912
1016,6.445054945054944,11.576923076923078
1017,6.373626373626376,13.58241758241758
1018,7.12087912087912,13.274725274725276
1019,7.115384615384614,11.368131868131867
1020,6.967673290111539,13.214285714285715
1021,6.785714285714286,12.170329670329668
1022,7.346153846153845,10.26923076923077
1023,9.461538461538462,11.258241758241756
1024,9.576923076923078,11.252747252747252
1025,8.285714285714286,12.360971397800636
1026,7.582417582417582,13.043956043956046
1027,8.681959004397253,12.956043956043954
1028,8.186813186813188,11.884615384615385
1029,7.032967032967032,12.25274725274725
1030,7.824175824175824,14.857142857142858
1031,7.142857142857143,12.280219780219777
1032,6.115384615384615,12.818681318681321
1033,6.736263736263735,13.467032967032967
1034,6.362637362637362,11.631868131868135
1035,6.3681318681318695,10.538461538461538
1036,5.9010989010989015,10.895604395604396
1037,6.56043956043956,11.91758241758242
1038,5.873626373626374,12.956043956043958
1039,5.423076923076923,15.796703296703296
1040,5.0054945054945055,13.362637362637361
1041,5.2142857142857135,16.7628655594362
1042,6.357142857142857,14.335823369635033
1043,7.214285714285716,15.005494505494507
1044,7.758241758241756,17.939560439560438
1045,9.098901098901099,13.516483516483515
1046,7.950549450549451,13.631868131868133
1047,7.340659340659341,13.181318681318684
1048,7.076923076923078,13.285714285714281
1049,8.054945054945055,12.972527472527474
1050,7.928571428571429,13.692307692307692
1051,7.813186813186814,13.538461538461538
1052,9.104395604395604,12.04945054945055
1053,8.648351648351648,15.121410959935591
1054,8.401098901098901,12.654504688316354
1055,7.560439560439561,13.956575795100425
1056,8.329670329670328,11.9010989010989
1057,8.126373626373624,12.950549450549453
1058,8.670329670329672,14.032371570057604
1059,8.714285714285715,12.54945054945055
1060,9.489010989010989,13.692307692307695
1061,9.500000000000002,12.70879120879121
1062,7.736263736263736,11.714285714285714
1063,7.071428571428571,11.48351648351648
1064,8.23076923076923,9.736263736263735
1065,9.780219780219783,8.78021978021978
1066,8.972527472527473,9.225274725274726
1067,8.664835164835166,10.587912087912088
1068,8.972527472527473,11.148351648351648
1069,9.511358171543343,9.483516483516484
1070,9.093406593406593,11.554945054945055
1071,8.604395604395604,11.412087912087912
1072,8.467032967032965,9.472527472527473
1073,8.769230769230768,8.510989010989011
1074,8.46153846153846,8.774725274725274
1075,7.3021978021978,9.807692307692308
1076,8.747252747252746,8.571428571428573
1077,9.532967032967035,8.796703296703297
1078,8.505494505494504,8.532967032967033
1079,8.901098901098901,7.417582417582417
1080,8.840659340659341,8.197802197802199
1081,8.93956043956044,9.95054945054945
1082,8.340659340659341,9.153846153846153
1083,6.626373626373627,8.335164835164834
1084,8.857142857142858,7.675824175824176
1085,8.307692307692308,10.258241758241756
1086,8.494505494505495,10.67415821098745
1087,8.857142857142858,10.005494505494507
1088,9.033336193521363,8.34771263244959
1089,9.43956043956044,9.989010989010989
1090,8.675824175824173,11.516483516483516
1091,8.956043956043958,9.494505494505493
1092,8.769599929785102,10.230173767859801
1093,9.357142857142858,9.64285714285714
1094,9.175824175824177,7.186813186813188
1095,10.302197802197801,7.32967032967033
1096,10.0989010989011,7.093406593406594
1097,11.236263736263737,7.461538461538462
1098,12.263736263736263,10.346153846153847
1099,11.434065934065936,10.368131868131867
1100,10.258241758241756,8.456043956043954
1101,9.491406780892241,9.758241758241759
1102,8.983516483516484,10.005494505494507
1103,10.615384615384615,10.412087912087912
1104,11.181318681318682,8.868131868131867
1105,12.115384615384617,8.582417582417584
1106,11.80769230769231,10.510989010989011
1107,11.126373626373626,8.967032967032967
1108,10.884615384615387,8.89010989010989
1109,11.91758241758242,11.076923076923077
1110,10.52747252747253,11.714285714285714
1111,10.043956043956042,10.829670329670328
1112,10.406593406593405,10.741758241758241
1113,11.928571428571429,11.576923076923077
1114,13.0,12.373626373626374
1115,12.137731797916969,10.989010989010989
1116,11.752747252747254,11.329670329670328
1117,10.89010989010989,10.789292941064572
1118,10.63186813186813,10.796703296703296
1119,10.80769230769231,11.065934065934064
1120,11.653846153846153,10.873030910716945
1121,10.829670329670328,11.071428571428571
1122,10.637362637362637,11.032967032967033
1123,10.818681318681318,10.780219780219783
1124,11.711795950324861,10.285714285714285
1125,11.695312433841346,10.948436384051368
1126,12.725274725274724,11.21978021978022
1127,13.131868131868133,11.521978021978022
1128,11.24070299195982,11.7967032967033
1129,11.796703296703297,14.780219780219783
1130,11.417582417582416,13.43764458941622
1131,10.401098901098901,11.027472527472527
1132,9.565934065934066,13.041896930481473
1133,10.648351648351648,14.906593406593405
1134,9.071428571428571,14.098901098901099
1135,8.357142857142858,14.362637362637363
1136,10.26923076923077,11.384615384615385
1137,9.214285714285714,13.774725274725276
1138,11.884615384615383,12.104395604395602
1139,10.12937836790728,10.4010989010989
1140,9.28021978021978,11.939560439560438
1141,9.857142857142858,11.58791208791209
1142,10.884615384615385,12.527472527472527
1143,9.406593406593407,11.71978021978022
1144,9.587912087912088,11.802197802197801
1145,9.697802197802197,12.021978021978022
1146,9.28021978021978,11.324175824175825
1147,11.15934065934066,11.104395604395604
1148,10.263736263736263,12.186813186813186
1149,12.115384615384615,13.208791208791212
1150,10.535971774500684,12.401098901098901
1151,11.247252747252746,11.510989010989011
1152,10.296703296703297,13.615384615384613
1153,10.587912087912088,14.236263736263737
1154,10.521978021978024,15.12087912087912
1155,9.247252747252748,15.615384615384617
1156,9.274725274725274,14.032967032967035
1157,10.725274725274724,13.153846153846153
1158,10.076923076923078,12.758241758241759
1159,9.532967032967033,14.73076923076923
1160,10.626373626373628,13.0
1161,11.054945054945055,14.093406593406595
1162,11.741758241758244,16.714285714285715
1163,9.961538461538462,15.049450549450551
1164,9.64835164835165,15.439560439560442
1165,11.076923076923077,16.505494505494507
1166,12.445054945054947,13.818681318681321
1167,12.725274725274724,14.225274725274726
1168,11.504439255696086,15.626373626373626
1169,11.73076923076923,14.587912087912088
1170,11.620879120879122,16.258241758241756
1171,10.615384615384615,16.082417582417584
1172,10.922021673278502,16.13892142365838
1173,10.598901098901099,16.164835164835168
1174,10.054945054945053,16.494505494505496
1175,10.142857142857142,16.027472527472526
1176,11.175824175824175,15.642857142857146
1177,10.95054945054945,15.28021978021978
1178,11.835164835164836,17.73076923076923
1179,12.587912087912088,16.686813186813186
1180,12.34065934065934,14.35714285714286
1181,10.549450549450551,14.692307692307692
1182,11.439560439560438,13.483516483516485
1183,11.41758241758242,14.604395604395602
1184,12.60190584043475,13.79120879120879
1185,11.758241758241759,14.307692307692308
1186,11.241758241758244,14.725274725274724
1187,9.574433312962224,15.41208791208791
1188,8.71978021978022,12.543956043956046
1189,8.761246499775408,12.34065934065934
1190,9.856087607344437,15.072087105898772
1191,8.274725274725274,11.994505494505493
1192,8.401098901098903,13.406593406593403
1193,8.384615384615383,12.818681318681318
1194,7.5879120879120885,14.137362637362637
1195,8.928571428571427,14.811073746688729
1196,8.923076923076923,13.873626373626374
1197,7.626373626373626,13.191712229398263
1198,6.532967032967033,13.994505494505498
1199,7.543956043956044,13.076923076923078
1200,7.20879120879121,15.72885338062501
1201,5.873626373626374,15.758241758241756
1202,7.714285714285714,14.252747252747254
1203,7.131868131868132,12.659340659340659
1204,7.200806939335849,12.434065934065934
1205,7.494505494505495,12.972527472527474
1206,7.274725274725275,12.631868131868128
1207,7.7857142857142865,14.040255262986896
1208,7.340659340659341,12.626373626373626
1209,7.346153846153846,12.620879120879122
1210,7.818681318681318,12.763736263736265
1211,6.835164835164834,10.923076923076923
1212,6.362637362637362,12.637362637362637
1213,6.747252747252746,11.351648351648352
1214,7.868131868131869,12.582417582417584
1215,9.478021978021976,11.857142857142858
1216,9.192307692307693,12.994505494505496
1217,10.302197802197801,12.829670329670328
1218,9.192307692307693,11.626373626373626
1219,10.203296703296704,12.727068449800084
1220,10.487955739212568,11.164835164835166
1221,9.774725274725274,9.373626373626374
1222,9.060439560439562,9.417582417582418
1223,8.799708038236947,11.384615384615385
1224,9.428571428571429,11.241758241758241
1225,9.692307692307692,11.346153846153847
1226,9.989010989010989,11.000000000000002
1227,9.17032967032967,11.26923076923077
1228,11.324175824175825,11.093406593406591
1229,11.252747252747254,10.164835164835166
1230,10.236263736263735,10.373626373626374
1231,11.664835164835164,10.967032967032965
1232,12.73076923076923,12.818681318681318
1233,11.423076923076923,11.373626373626374
1234,12.89010989010989,12.170329670329672
1235,11.774725274725276,12.571428571428573
1236,10.181318681318682,13.675824175824177
1237,11.483516483516484,14.382699534471167
1238,11.818681318681318,11.967032967032965
1239,11.697802197802199,12.164835164835164
1240,11.439560439560438,15.945054945054947
1241,11.269230769230772,14.373626373626376
1242,11.642857142857142,13.593406593406595
1243,12.91208791208791,12.774725274725274
1244,11.318889567196939,11.93956043956044
1245,11.170329670329672,11.368131868131867
1246,10.351648351648352,16.13186813186813
1247,11.35164835164835,17.21978021978022
1248,10.054945054945055,16.41758241758242
1249,10.12087912087912,15.64835164835165
1250,9.384615384615385,16.505494505494507
1251,9.631868131868133,15.87912087912088
1252,11.439560439560438,14.587912087912088
1253,11.219780219780223,15.0
1254,11.302197802197801,16.362637362637365
1255,12.681318681318682,14.664835164835164
1256,11.653846153846153,14.950549450549449
1257,11.527472527472527,14.153846153846152
1258,11.802197802197803,13.697206734892767
1259,11.846153846153847,13.725274725274724
1260,11.994505494505493,17.5989010989011
1261,12.94949420075103,15.329670329670332
1262,10.763736263736265,15.41758241758242
1263,9.708791208791208,16.0
1264,10.434065934065934,15.214285714285714
1265,11.813186813186814,14.554945054945053
1266,10.26923076923077,15.230769230769228
1267,11.642857142857142,15.967032967032965
1268,11.681318681318679,14.252747252747252
1269,9.521978021978022,15.099432937957571
1270,10.065934065934066,14.44009227861691
1271,10.615592863900234,15.967032967032965
1272,10.593406593406595,15.950549450549453
1273,10.318681318681318,13.752747252747252
1274,10.175824175824177,13.554945054945055
1275,8.06043956043956,15.23076923076923
1276,9.129378367907277,12.967032967032965
1277,10.250144992687526,14.29120879120879
1278,12.35164835164835,12.445054945054947
1279,12.283224521753432,12.714285714285714
1280,11.901098901098901,13.41208791208791
1281,9.857142857142858,15.071428571428573
1282,11.956043956043958,15.63186813186813
1283,12.071428571428571,11.829670329670332
1284,9.923076923076923,12.906593406593409
1285,11.206301444830357,12.802197802197803
1286,9.565934065934066,13.06043956043956
1287,9.406593406593407,14.08791208791209
1288,12.043956043956046,14.15934065934066
1289,11.923076923076922,12.423076923076922
1290,11.730769230769228,12.736263736263737
1291,10.021978021978024,11.802197802197801
1292,12.08791208791209,11.802197802197803
1293,11.461538461538462,11.796703296703297
1294,10.384615384615387,11.181318681318682
1295,9.868131868131867,11.021978021978022
1296,11.14835164835165,11.95054945054945
1297,12.752747252747252,9.604395604395604
1298,10.15934065934066,10.005494505494507
1299,11.483516483516484,11.461538461538463
1300,10.571428571428573,11.29120879120879
1301,9.91208791208791,10.70879120879121
1302,11.34065934065934,11.521978021978022
1303,11.15934065934066,12.84528314185378
1304,11.851648351648352,11.631868131868135
1305,11.005494505494507,10.785714285714285
1306,11.170329670329672,11.675824175824177
1307,11.483516483516484,13.792477163707131
1308,10.846153846153847,14.26923076923077
1309,11.461716464475963,14.620879120879122
1310,10.895604395604398,14.082949421474053
1311,11.91758241758242,12.23076923076923
1312,10.648351648351648,13.587912087912086
1313,11.653846153846157,14.81107374668873
1314,11.80769230769231,13.318681318681316
1315,11.873626373626374,14.35164835164835
1316,11.258241758241756,10.780219780219783
1317,11.774725274725276,13.895604395604396
1318,12.445054945054945,13.862637362637361
1319,12.829670329670328,16.21978021978022
1320,13.87912087912088,13.89010989010989
1321,14.538461538461538,12.626373626373626
1322,13.434065934065934,15.097505272464558
1323,13.994505494505493,15.439560439560438
1324,13.945054945054947,14.157412993847649
1325,13.829670329670328,14.225274725274726
1326,12.813186813186814,13.939560439560442
1327,12.906593406593405,14.505494505494504
1328,12.972527472527473,13.796703296703297
1329,13.25824175824176,15.571428571428573
1330,12.159340659340659,16.02747252747253
1331,10.604395604395604,14.5
1332,11.043956043956046,14.01648351648352
1333,13.12087912087912,14.467032967032965
1334,12.983516483516484,12.7032967032967
1335,13.835164835164836,13.63186813186813
1336,11.741758241758241,15.192307692307692
1337,13.06043956043956,16.82967032967033
1338,11.406593406593403,15.63186813186813
1339,13.87912087912088,16.82967032967033
1340,14.214285714285714,19.032967032967036
1341,14.862637362637363,17.450230108576726
1342,13.835164835164838,13.994505494505493
1343,14.565934065934064,17.043956043956044
1344,14.0,13.58791208791209
1345,14.214285714285715,13.637362637362639
1346,11.829670329670328,14.895604395604396
1347,11.581362332619163,13.76923076923077
1348,12.818681318681321,15.296703296703297
1349,12.456043956043954,13.5052779734874
1350,14.395604395604398,15.813186813186814
1351,16.005494505494507,15.483516483516484
1352,14.851648351648352,15.412087912087912
1353,12.456043956043954,15.2967032967033
1354,12.214285714285714,16.0
1355,12.494505494505493,15.829670329670334
1356,12.758241758241756,15.75824175824176
1357,13.527472527472527,19.24175824175824
1358,13.087912087912088,17.956043956043956
1359,13.071428571428573,17.516483516483518
1360,12.010989010989011,16.109890109890113
1361,11.80769230769231,18.32761121619576
1362,13.14835164835165,20.159340659340657
1363,13.626373626373626,18.593406593406595
1364,14.911032662289493,17.31318681318681
1365,12.39010989010989,18.24175824175824
1366,13.467032967032965,17.47802197802198
1367,12.45054945054945,14.95054945054945
1368,13.29120879120879,17.195689131304114
1369,13.0,17.065063361634003
1370,11.923076923076925,17.173711109326096
1371,10.412087912087912,16.170329670329668
1372,12.093406593406591,16.153846153846153
1373,11.620879120879122,16.615384615384613
1374,12.91208791208791,13.857142857142858
1375,13.664835164835164,14.670329670329668
1376,13.835164835164834,15.769230769230772
1377,15.076923076923077,16.307692307692307
1378,13.675824175824175,16.13186813186813
1379,14.653846153846153,17.445054945054945
1380,15.098901098901099,15.857142857142854
1381,17.087912087912088,13.4010989010989
1382,16.285714285714285,13.445054945054945
1383,16.664835164835164,14.972527472527474
1384,15.076923076923077,15.489010989010989
1385,16.747252747252745,13.434065934065934
1386,15.978021978021978,12.818681318681321
1387,14.324175824175823,13.802197802197801
1388,15.714285714285714,13.86813186813187
1389,15.46153846153846,13.620879120879122
1390,15.329670329670328,15.774725274725274
1391,15.873626373626374,15.47252747252747
1392,16.219780219780223,15.368131868131867
1393,16.038461538461537,16.08791208791209
1394,17.28021978021978,16.247252747252748
1395,13.824175824175823,16.52747252747253
1396,16.796703296703296,15.838546274161256
1397,17.208791208791208,18.318681318681318
1398,16.25824175824176,15.23076923076923
1399,14.329670329670328,16.23076923076923
1400,17.615384615384617,14.06043956043956
1401,19.43707067559959,13.131868131868133
1402,17.686813186813186,14.15934065934066
1403,17.73076923076923,14.780219780219777
1404,15.516483516483515,16.31318681318681
1405,16.093406593406595,19.192307692307693
1406,17.30787031062981,17.730769230769234
1407,16.648351648351646,16.351648351648354
1408,16.148351648351646,17.115384615384617
1409,18.516483516483518,17.565934065934066
1410,18.473167795606045,17.432138268572924
1411,16.43956043956044,19.252747252747252
1412,16.967032967032967,16.80769230769231
1413,17.105035927474173,16.36813186813187
1414,16.17582417582418,16.17086150938614
1415,16.439560439560438,16.57083310851914
1416,15.401098901098898,19.31318681318681
1417,19.264105424290598,17.181318681318682
1418,17.104395604395606,18.36879040260207
1419,17.478021978021978,17.26373626373626
1420,17.85228867472692,17.714285714285715
1421,19.763736263736266,18.774725274725277
1422,18.26923076923077,16.92857142857143
1423,17.247252747252745,17.978021978021978
1424,18.65934065934066,18.10989010989011
1425,18.85164835164835,19.796107833793865
1426,18.494505494505496,18.313186813186814
1427,18.225915048353297,19.500000000000004
1428,18.39075021318846,17.87912087912088
1429,19.879120879120876,18.840659340659343
1430,19.384615384615387,21.780219780219777
1431,19.082417582417584,22.03296703296703
1432,20.137362637362635,18.82967032967033
1433,20.31318681318681,18.03846153846154
1434,18.857142857142858,16.978021978021978
1435,19.373626373626372,18.57142857142857
1436,22.027472527472526,18.016483516483518
1437,21.659340659340664,19.247252747252745
1438,21.780219780219777,19.283786620221278
1439,20.895604395604394,19.12087912087912
